,date,fullyvaxed,date_year,MD_Population,Percentage MD Population Vaccinated
0,2021-01-01,1578,2021,6165000,0.0002559610705596107
1,2021-01-02,1634,2021,6165000,0.00026504460665044606
2,2021-01-03,1748,2021,6165000,0.0002835360908353609
3,2021-01-04,2206,2021,6165000,0.0003578264395782644
4,2021-01-05,3055,2021,6165000,0.0004955393349553933
5,2021-01-06,4372,2021,6165000,0.0007091646390916464
6,2021-01-07,6722,2021,6165000,0.0010903487429034875
7,2021-01-08,10167,2021,6165000,0.001649148418491484
8,2021-01-09,11389,2021,6165000,0.0018473641524736416
9,2021-01-10,11873,2021,6165000,0.0019258718572587187
10,2021-01-11,15956,2021,6165000,0.0025881589618815897
11,2021-01-12,22252,2021,6165000,0.0036094079480940796
12,2021-01-13,26835,2021,6165000,0.00435279805352798
13,2021-01-14,29272,2021,6165000,0.0047480940794809405
14,2021-01-15,31758,2021,6165000,0.005151338199513382
15,2021-01-16,33532,2021,6165000,0.0054390916463909166
16,2021-01-17,35039,2021,6165000,0.005683536090835361
17,2021-01-18,38585,2021,6165000,0.006258718572587186
18,2021-01-19,44789,2021,6165000,0.007265044606650446
19,2021-01-20,50524,2021,6165000,0.00819529602595296
20,2021-01-21,54968,2021,6165000,0.008916139497161395
21,2021-01-22,59106,2021,6165000,0.009587347931873479
22,2021-01-23,61308,2021,6165000,0.009944525547445255
23,2021-01-24,63143,2021,6165000,0.010242173560421735
24,2021-01-25,72715,2021,6165000,0.011794809407948094
25,2021-01-26,82387,2021,6165000,0.013363665855636659
26,2021-01-27,96119,2021,6165000,0.015591078669910786
27,2021-01-28,106146,2021,6165000,0.017217518248175183
28,2021-01-29,115004,2021,6165000,0.01865433901054339
29,2021-01-30,118057,2021,6165000,0.01914955393349554
30,2021-01-31,119915,2021,6165000,0.01945093268450933
31,2021-02-01,126113,2021,6165000,0.020456285482562855
32,2021-02-02,140750,2021,6165000,0.022830494728304947
33,2021-02-03,160120,2021,6165000,0.02597242497972425
34,2021-02-04,176909,2021,6165000,0.028695701540957016
35,2021-02-05,195801,2021,6165000,0.03176009732360097
36,2021-02-06,211031,2021,6165000,0.034230494728304944
37,2021-02-07,205643,2021,6165000,0.03335652879156529
38,2021-02-08,219162,2021,6165000,0.03554939172749392
39,2021-02-09,233677,2021,6165000,0.03790381184103812
40,2021-02-10,255698,2021,6165000,0.041475750202757504
41,2021-02-11,273936,2021,6165000,0.044434063260340634
42,2021-02-12,294630,2021,6165000,0.04779075425790754
43,2021-02-13,301310,2021,6165000,0.0488742903487429
44,2021-02-14,303689,2021,6165000,0.04926017842660178
45,2021-02-15,318029,2021,6165000,0.05158621248986212
46,2021-02-16,339832,2021,6165000,0.0551227899432279
47,2021-02-17,366916,2021,6165000,0.059515977291159775
48,2021-02-18,371831,2021,6165000,0.0603132197891322
49,2021-02-19,392462,2021,6165000,0.06365969180859692
50,2021-02-20,413849,2021,6165000,0.06712879156528792
51,2021-02-21,421897,2021,6165000,0.06843422546634226
52,2021-02-22,437932,2021,6165000,0.07103519870235199
53,2021-02-23,454706,2021,6165000,0.07375604217356042
54,2021-02-24,480197,2021,6165000,0.07789083536090835
55,2021-02-25,507616,2021,6165000,0.08233836171938362
56,2021-02-26,534543,2021,6165000,0.08670608272506082
57,2021-02-27,546239,2021,6165000,0.08860324412003244
58,2021-02-28,551357,2021,6165000,0.08943341443633414
59,2021-03-01,565008,2021,6165000,0.09164768856447689
60,2021-03-02,579051,2021,6165000,0.09392554744525547
61,2021-03-03,598281,2021,6165000,0.0970447688564477
62,2021-03-04,621283,2021,6165000,0.10077583130575832
63,2021-03-05,646830,2021,6165000,0.10491970802919708
64,2021-03-06,663191,2021,6165000,0.1075735604217356
65,2021-03-07,674996,2021,6165000,0.10948840227088402
66,2021-03-08,692937,2021,6165000,0.1123985401459854
67,2021-03-09,717624,2021,6165000,0.1164029197080292
68,2021-03-10,742430,2021,6165000,0.12042660178426602
69,2021-03-11,763412,2021,6165000,0.12383000811030008
70,2021-03-12,785363,2021,6165000,0.12739059205190592
71,2021-03-13,797955,2021,6165000,0.1294330900243309
72,2021-03-14,806095,2021,6165000,0.13075344687753446
73,2021-03-15,818696,2021,6165000,0.13279740470397405
74,2021-03-16,833787,2021,6165000,0.13524525547445254
75,2021-03-17,852863,2021,6165000,0.13833949716139496
76,2021-03-18,867523,2021,6165000,0.14071743714517437
77,2021-03-19,884574,2021,6165000,0.14348321167883213
78,2021-03-20,896017,2021,6165000,0.14533933495539336
79,2021-03-21,904623,2021,6165000,0.1467352798053528
80,2021-03-22,917526,2021,6165000,0.14882822384428224
81,2021-03-23,937571,2021,6165000,0.15207964314679642
82,2021-03-24,961040,2021,6165000,0.15588645579886456
83,2021-03-25,986310,2021,6165000,0.15998540145985402
84,2021-03-26,1016389,2021,6165000,0.16486439578264395
85,2021-03-27,1036869,2021,6165000,0.16818637469586376
86,2021-03-28,1051429,2021,6165000,0.17054809407948093
87,2021-03-29,1079737,2021,6165000,0.17513982157339822
88,2021-03-30,1111531,2021,6165000,0.18029699918897
89,2021-03-31,1153067,2021,6165000,0.18703438767234387
90,2021-04-01,1201900,2021,6165000,0.19495539334955395
91,2021-04-02,1241695,2021,6165000,0.20141038118410381
92,2021-04-03,1266069,2021,6165000,0.2053639902676399
93,2021-04-04,1277490,2021,6165000,0.20721654501216544
94,2021-04-05,1313972,2021,6165000,0.21313414436334144
95,2021-04-06,1355963,2021,6165000,0.21994533657745335
96,2021-04-07,1404475,2021,6165000,0.22781427412814273
97,2021-04-08,1455699,2021,6165000,0.23612311435523115
98,2021-04-09,1507763,2021,6165000,0.2445682076236821
99,2021-04-10,1539593,2021,6165000,0.24973122465531225
100,2021-04-11,1563513,2021,6165000,0.25361119221411194
101,2021-04-12,1608814,2021,6165000,0.2609592862935929
102,2021-04-13,1647238,2021,6165000,0.2671918896999189
103,2021-04-14,1686343,2021,6165000,0.27353495539334954
104,2021-04-15,1726382,2021,6165000,0.2800295214922952
105,2021-04-16,1765319,2021,6165000,0.28634533657745337
106,2021-04-17,1786883,2021,6165000,0.2898431467964315
107,2021-04-18,1803474,2021,6165000,0.29253430656934304
108,2021-04-19,1838891,2021,6165000,0.29827915652879156
109,2021-04-20,1882441,2021,6165000,0.3053432278994323
110,2021-04-21,1929566,2021,6165000,0.31298718572587186
111,2021-04-22,1973153,2021,6165000,0.3200572587185726
112,2021-04-23,2014038,2021,6165000,0.3266890510948905
113,2021-04-24,2043083,2021,6165000,0.33140032441200323
114,2021-04-25,2052279,2021,6165000,0.3328919708029197
115,2021-04-26,2084537,2021,6165000,0.3381244120032441
116,2021-04-27,2119691,2021,6165000,0.343826601784266
117,2021-04-28,2162034,2021,6165000,0.35069489051094893
118,2021-04-29,2203793,2021,6165000,0.35746845093268453
119,2021-04-30,2239140,2021,6165000,0.3632019464720195
120,2021-05-01,2266474,2021,6165000,0.36763568532035684
121,2021-05-02,2282917,2021,6165000,0.3703028386050284
122,2021-05-03,2312530,2021,6165000,0.3751062449310624
123,2021-05-04,2354089,2021,6165000,0.38184736415247367
124,2021-05-05,2394318,2021,6165000,0.3883727493917275
125,2021-05-06,2436885,2021,6165000,0.3952773722627737
126,2021-05-07,2476130,2021,6165000,0.4016431467964315
127,2021-05-08,2508026,2021,6165000,0.40681686942416867
128,2021-05-09,2521211,2021,6165000,0.40895555555555557
129,2021-05-10,2552632,2021,6165000,0.4140522303325223
130,2021-05-11,2585246,2021,6165000,0.4193424168694242
131,2021-05-12,2625772,2021,6165000,0.42591597729115976
132,2021-05-13,2661675,2021,6165000,0.4317396593673966
133,2021-05-14,2693413,2021,6165000,0.4368877534468775
134,2021-05-15,2719089,2021,6165000,0.44105255474452554
135,2021-05-16,2738135,2021,6165000,0.4441419302514193
136,2021-05-17,2766684,2021,6165000,0.4487727493917275
137,2021-05-18,2800028,2021,6165000,0.45418134630981344
138,2021-05-19,2835098,2021,6165000,0.4598699107866991
139,2021-05-20,2870230,2021,6165000,0.4655685320356853
140,2021-05-21,2903184,2021,6165000,0.47091386861313866
141,2021-05-22,2924373,2021,6165000,0.4743508515815085
142,2021-05-23,2937144,2021,6165000,0.4764223844282238
143,2021-05-24,2955974,2021,6165000,0.47947672343876724
144,2021-05-25,2976590,2021,6165000,0.48282076236820765
145,2021-05-26,2998395,2021,6165000,0.4863576642335766
146,2021-05-27,3018222,2021,6165000,0.48957372262773724
147,2021-05-28,3039720,2021,6165000,0.4930608272506083
148,2021-05-29,3052341,2021,6165000,0.4951080291970803
149,2021-05-30,3059582,2021,6165000,0.49628256285482564
150,2021-05-31,3063447,2021,6165000,0.4969094890510949
151,2021-06-01,3081760,2021,6165000,0.49987996755879965
152,2021-06-02,3100140,2021,6165000,0.5028613138686131
153,2021-06-03,3123042,2021,6165000,0.5065761557177616
154,2021-06-04,3147175,2021,6165000,0.5104906731549067
155,2021-06-05,3167941,2021,6165000,0.5138590429845904
156,2021-06-06,3175873,2021,6165000,0.5151456609894566
157,2021-06-07,3192872,2021,6165000,0.51790300081103
158,2021-06-08,3214007,2021,6165000,0.5213312246553122
159,2021-06-09,3239692,2021,6165000,0.5254974858069749
160,2021-06-10,3260223,2021,6165000,0.5288277372262774
161,2021-06-11,3279657,2021,6165000,0.5319800486618005
162,2021-06-12,3295679,2021,6165000,0.5345789132197891
163,2021-06-13,3303938,2021,6165000,0.5359185725871857
164,2021-06-14,3316961,2021,6165000,0.5380309813463098
165,2021-06-15,3332634,2021,6165000,0.5405732360097324
166,2021-06-16,3351976,2021,6165000,0.5437106244931063
167,2021-06-17,3365409,2021,6165000,0.5458895377128954
168,2021-06-18,3378886,2021,6165000,0.5480755879967559
169,2021-06-19,3388858,2021,6165000,0.5496931062449311
170,2021-06-20,3394152,2021,6165000,0.5505518248175183
171,2021-06-21,3400259,2021,6165000,0.5515424168694242
172,2021-06-22,3410375,2021,6165000,0.553183292781833
173,2021-06-23,3421723,2021,6165000,0.55502400648824
174,2021-06-24,3430460,2021,6165000,0.556441200324412
175,2021-06-25,3439909,2021,6165000,0.5579738848337389
176,2021-06-26,3446833,2021,6165000,0.55909699918897
177,2021-06-27,3450492,2021,6165000,0.5596905109489051
178,2021-06-28,3457520,2021,6165000,0.5608304947283049
179,2021-06-29,3464785,2021,6165000,0.5620089213300892
180,2021-06-30,3473163,2021,6165000,0.5633678832116789
181,2021-07-01,3480657,2021,6165000,0.5645834549878346
182,2021-07-02,3488099,2021,6165000,0.565790592051906
183,2021-07-03,3492488,2021,6165000,0.5665025141930251
184,2021-07-04,3493032,2021,6165000,0.5665907542579075
185,2021-07-05,3497388,2021,6165000,0.5672973236009733
186,2021-07-06,3504415,2021,6165000,0.5684371451743715
187,2021-07-07,3511694,2021,6165000,0.5696178426601785
188,2021-07-08,3518528,2021,6165000,0.5707263584752635
189,2021-07-09,3525908,2021,6165000,0.5719234387672344
190,2021-07-10,3530714,2021,6165000,0.57270300081103
191,2021-07-11,3533490,2021,6165000,0.5731532846715328
192,2021-07-12,3539202,2021,6165000,0.574079805352798
193,2021-07-13,3544574,2021,6165000,0.5749511759935118
194,2021-07-14,3550486,2021,6165000,0.5759101378751014
195,2021-07-15,3556047,2021,6165000,0.5768121654501217
196,2021-07-16,3562049,2021,6165000,0.5777857258718573
197,2021-07-17,3565952,2021,6165000,0.5784188158961882
198,2021-07-18,3568321,2021,6165000,0.5788030819140308
199,2021-07-19,3573543,2021,6165000,0.5796501216545012
200,2021-07-20,3578883,2021,6165000,0.580516301703163
201,2021-07-21,3584500,2021,6165000,0.5814274128142741
202,2021-07-22,3589773,2021,6165000,0.5822827250608272
203,2021-07-23,3595412,2021,6165000,0.5831974047039741
204,2021-07-24,3599028,2021,6165000,0.5837839416058395
205,2021-07-25,3600350,2021,6165000,0.5839983779399838
206,2021-07-26,3604893,2021,6165000,0.5847352798053528
207,2021-07-27,3609892,2021,6165000,0.5855461476074615
208,2021-07-28,3614785,2021,6165000,0.5863398215733983
209,2021-07-29,3619758,2021,6165000,0.5871464720194647
210,2021-07-30,3625381,2021,6165000,0.5880585563665855
211,2021-07-31,3628870,2021,6165000,0.588624493106245
212,2021-08-01,3631417,2021,6165000,0.5890376317923763
213,2021-08-02,3635848,2021,6165000,0.5897563665855636
214,2021-08-03,3640665,2021,6165000,0.5905377128953772
215,2021-08-04,3645591,2021,6165000,0.5913367396593674
216,2021-08-05,3650674,2021,6165000,0.5921612327656123
217,2021-08-06,3656078,2021,6165000,0.593037793998378
218,2021-08-07,3659333,2021,6165000,0.5935657745336578
219,2021-08-08,3661626,2021,6165000,0.5939377128953771
220,2021-08-09,3666784,2021,6165000,0.5947743714517437
221,2021-08-10,3671870,2021,6165000,0.5955993511759935
222,2021-08-11,3677042,2021,6165000,0.5964382806163828
223,2021-08-12,3682342,2021,6165000,0.5972979724249797
224,2021-08-13,3688415,2021,6165000,0.5982830494728305
225,2021-08-14,3692222,2021,6165000,0.5989005677210056
226,2021-08-15,3695254,2021,6165000,0.5993923763179237
227,2021-08-16,3700966,2021,6165000,0.600318896999189
228,2021-08-17,3707051,2021,6165000,0.6013059205190592
229,2021-08-18,3713418,2021,6165000,0.6023386861313869
230,2021-08-19,3719640,2021,6165000,0.6033479318734793
231,2021-08-20,3726899,2021,6165000,0.6045253852392538
232,2021-08-21,3731195,2021,6165000,0.6052222222222222
233,2021-08-22,3734619,2021,6165000,0.6057776155717761
234,2021-08-23,3741288,2021,6165000,0.6068593673965936
235,2021-08-24,3748092,2021,6165000,0.6079630170316301
236,2021-08-25,3755069,2021,6165000,0.6090947283049473
237,2021-08-26,3762464,2021,6165000,0.6102942416869425
238,2021-08-27,3770225,2021,6165000,0.6115531224655312
239,2021-08-28,3775510,2021,6165000,0.6124103811841038
240,2021-08-29,3779188,2021,6165000,0.6130069748580698
241,2021-08-30,3785968,2021,6165000,0.6141067315490674
242,2021-08-31,3792692,2021,6165000,0.615197404703974
243,2021-09-01,3799146,2021,6165000,0.6162442822384429
244,2021-09-02,3805608,2021,6165000,0.6172924574209245
245,2021-09-03,3813047,2021,6165000,0.618499107866991
246,2021-09-04,3817546,2021,6165000,0.6192288726682887
247,2021-09-05,3820602,2021,6165000,0.6197245742092458
248,2021-09-06,3821903,2021,6165000,0.619935604217356
249,2021-09-07,3829710,2021,6165000,0.6212019464720194
250,2021-09-08,3835928,2021,6165000,0.6222105433901054
251,2021-09-09,3841957,2021,6165000,0.6231884833738849
252,2021-09-10,3848885,2021,6165000,0.6243122465531225
253,2021-09-11,3853446,2021,6165000,0.6250520681265207
254,2021-09-12,3856620,2021,6165000,0.6255669099756691
255,2021-09-13,3862126,2021,6165000,0.6264600162206002
256,2021-09-14,3868167,2021,6165000,0.627439902676399
257,2021-09-15,3874579,2021,6165000,0.6284799675587996
258,2021-09-16,3880800,2021,6165000,0.6294890510948905
259,2021-09-17,3887822,2021,6165000,0.6306280616382807
260,2021-09-18,3892557,2021,6165000,0.631396107055961
261,2021-09-19,3895607,2021,6165000,0.6318908353609084
262,2021-09-20,3900852,2021,6165000,0.6327416058394161
263,2021-09-21,3906514,2021,6165000,0.6336600162206002
264,2021-09-22,3911724,2021,6165000,0.6345051094890511
265,2021-09-23,3916731,2021,6165000,0.6353172749391728
266,2021-09-24,3922658,2021,6165000,0.6362786699107867
267,2021-09-25,3926267,2021,6165000,0.6368640713706407
268,2021-09-26,3928925,2021,6165000,0.6372952149229522
269,2021-09-27,3932069,2021,6165000,0.6378051905920519
270,2021-09-28,3937090,2021,6165000,0.6386196269261962
271,2021-09-29,3941971,2021,6165000,0.6394113544201135
272,2021-09-30,3946879,2021,6165000,0.6402074614760747
273,2021-10-01,3952668,2021,6165000,0.6411464720194647
274,2021-10-02,3955824,2021,6165000,0.6416583941605839
275,2021-10-03,3958392,2021,6165000,0.6420749391727494
276,2021-10-04,3962400,2021,6165000,0.6427250608272506
277,2021-10-05,3966633,2021,6165000,0.6434116788321168
278,2021-10-06,3970739,2021,6165000,0.644077696674777
279,2021-10-07,3974901,2021,6165000,0.644752798053528
280,2021-10-08,3979778,2021,6165000,0.6455438767234387
281,2021-10-09,3982708,2021,6165000,0.6460191403081914
282,2021-10-10,3984694,2021,6165000,0.6463412814274128
283,2021-10-11,3988481,2021,6165000,0.6469555555555555
284,2021-10-12,3992587,2021,6165000,0.6476215733982157
285,2021-10-13,3996774,2021,6165000,0.6483007299270073
286,2021-10-14,4000690,2021,6165000,0.6489359286293593
287,2021-10-15,4005373,2021,6165000,0.6496955393349554
288,2021-10-16,4007924,2021,6165000,0.6501093268450933
289,2021-10-17,4009523,2021,6165000,0.650368694241687
290,2021-10-18,4013510,2021,6165000,0.6510154095701541
291,2021-10-19,4017041,2021,6165000,0.6515881589618816
292,2021-10-20,4020771,2021,6165000,0.6521931873479319
293,2021-10-21,4024585,2021,6165000,0.6528118410381184
294,2021-10-22,4028741,2021,6165000,0.6534859691808597
295,2021-10-23,4030936,2021,6165000,0.6538420113544201
296,2021-10-24,4032418,2021,6165000,0.6540824006488241
297,2021-10-25,4035984,2021,6165000,0.6546608272506083
298,2021-10-26,4039575,2021,6165000,0.6552433090024331
299,2021-10-27,4043387,2021,6165000,0.6558616382806164
300,2021-10-28,4047111,2021,6165000,0.656465693430657
301,2021-10-29,4051296,2021,6165000,0.6571445255474453
302,2021-10-30,4053426,2021,6165000,0.6574900243309002
303,2021-10-31,4054905,2021,6165000,0.6577299270072993
304,2021-11-01,4058819,2021,6165000,0.658364801297648
305,2021-11-02,4062332,2021,6165000,0.6589346309813463
306,2021-11-03,4065938,2021,6165000,0.6595195458231955
307,2021-11-04,4069671,2021,6165000,0.6601250608272506
308,2021-11-05,4073874,2021,6165000,0.6608068126520681
309,2021-11-06,4075948,2021,6165000,0.6611432278994323
310,2021-11-07,4077477,2021,6165000,0.6613912408759124
311,2021-11-08,4081080,2021,6165000,0.6619756690997567
312,2021-11-09,4084092,2021,6165000,0.6624642335766423
313,2021-11-10,4087177,2021,6165000,0.6629646390916464
314,2021-11-11,4089966,2021,6165000,0.6634170316301703
315,2021-11-12,4093484,2021,6165000,0.6639876723438767
316,2021-11-13,4095307,2021,6165000,0.6642833738848337
317,2021-11-14,4096497,2021,6165000,0.664476399026764
318,2021-11-15,4099419,2021,6165000,0.6649503649635037
319,2021-11-16,4102334,2021,6165000,0.6654231954582319
320,2021-11-17,4105507,2021,6165000,0.6659378751013787
321,2021-11-18,4108450,2021,6165000,0.6664152473641525
322,2021-11-19,4111832,2021,6165000,0.6669638280616382
323,2021-11-20,4113596,2021,6165000,0.6672499594484996
324,2021-11-21,4114842,2021,6165000,0.6674520681265207
325,2021-11-22,4117793,2021,6165000,0.6679307380373074
326,2021-11-23,4120589,2021,6165000,0.6683842660178426
327,2021-11-24,4123423,2021,6165000,0.6688439578264396
328,2021-11-25,4123550,2021,6165000,0.6688645579886455
329,2021-11-26,4127722,2021,6165000,0.6695412814274128
330,2021-11-27,4133546,2021,6165000,0.6704859691808597
331,2021-11-28,4140354,2021,6165000,0.6715902676399027
332,2021-11-29,4149993,2021,6165000,0.6731537712895377
333,2021-11-30,4160118,2021,6165000,0.674796107055961
334,2021-12-01,4170654,2021,6165000,0.6765051094890511
335,2021-12-02,4180062,2021,6165000,0.6780311435523114
336,2021-12-03,4190278,2021,6165000,0.6796882400648824
337,2021-12-04,4200849,2021,6165000,0.6814029197080292
338,2021-12-05,4204523,2021,6165000,0.6819988645579886
339,2021-12-06,4212320,2021,6165000,0.6832635847526358
340,2021-12-07,4219993,2021,6165000,0.684508191403082
341,2021-12-08,4227857,2021,6165000,0.6857837793998378
342,2021-12-09,4235332,2021,6165000,0.6869962692619627
343,2021-12-10,4243097,2021,6165000,0.688255798864558
344,2021-12-11,4251187,2021,6165000,0.6895680454176805
345,2021-12-12,4254203,2021,6165000,0.6900572587185726
346,2021-12-13,4260507,2021,6165000,0.691079805352798
347,2021-12-14,4266873,2021,6165000,0.692112408759124
348,2021-12-15,4272745,2021,6165000,0.6930648824006488
349,2021-12-16,4275866,2021,6165000,0.6935711273317112
350,2021-12-17,4280157,2021,6165000,0.6942671532846715
351,2021-12-18,4283489,2021,6165000,0.6948076236820763
352,2021-12-19,4284921,2021,6165000,0.695039902676399
353,2021-12-20,4289061,2021,6165000,0.6957114355231143
354,2021-12-21,4293453,2021,6165000,0.6964238442822385
355,2021-12-22,4297832,2021,6165000,0.6971341443633414
356,2021-12-23,4301401,2021,6165000,0.6977130575831306
357,2021-12-24,4302504,2021,6165000,0.6978919708029198
358,2021-12-25,4302543,2021,6165000,0.697898296836983
359,2021-12-26,4304188,2021,6165000,0.6981651257096513
360,2021-12-27,4308534,2021,6165000,0.6988700729927008
361,2021-12-28,4312869,2021,6165000,0.6995732360097323
362,2021-12-29,4317308,2021,6165000,0.7002932684509326
363,2021-12-30,4321342,2021,6165000,0.7009476074614761
364,2021-12-31,4323071,2021,6165000,0.7012280616382807
365,2022-01-01,4323522,2022,6257958,0.6908838314351103
366,2022-01-02,4325076,2022,6257958,0.6911321552493641
367,2022-01-03,4327346,2022,6257958,0.6914948933821544
368,2022-01-04,4331216,2022,6257958,0.6921133059697748
369,2022-01-05,4336400,2022,6257958,0.6929416912034245
370,2022-01-06,4341571,2022,6257958,0.6937679990821287
371,2022-01-07,4345674,2022,6257958,0.6944236442622338
372,2022-01-08,4349861,2022,6257958,0.6950927123512174
373,2022-01-09,4351958,2022,6257958,0.6954278056835792
374,2022-01-10,4356213,2022,6257958,0.6961077399368931
375,2022-01-11,4360875,2022,6257958,0.6968527113796545
376,2022-01-12,4365746,2022,6257958,0.6976310802980781
377,2022-01-13,4370282,2022,6257958,0.6983559173775216
378,2022-01-14,4373851,2022,6257958,0.6989262312083271
379,2022-01-15,4375619,2022,6257958,0.6992087514809144
380,2022-01-16,4376843,2022,6257958,0.6994043424388594
381,2022-01-17,4379442,2022,6257958,0.6998196536314242
382,2022-01-18,4383823,2022,6257958,0.700519722248056
383,2022-01-19,4388722,2022,6257958,0.701302565469439
384,2022-01-20,4392595,2022,6257958,0.7019214574466623
385,2022-01-21,4395653,2022,6257958,0.7024101152484564
386,2022-01-22,4397546,2022,6257958,0.7027126100878274
387,2022-01-23,4399023,2022,6257958,0.7029486295689424
388,2022-01-24,4402022,2022,6257958,0.7034278593752147
389,2022-01-25,4405658,2022,6257958,0.7040088795738163
390,2022-01-26,4409683,2022,6257958,0.7046520606242483
391,2022-01-27,4413792,2022,6257958,0.705308664583559
392,2022-01-28,4417222,2022,6257958,0.7058567666961012
393,2022-01-29,4419641,2022,6257958,0.7062433145124976
394,2022-01-30,4421290,2022,6257958,0.7065068189975069
395,2022-01-31,4424764,2022,6257958,0.7070619521575569
396,2022-02-01,4428511,2022,6257958,0.7076607097714622
397,2022-02-02,4432537,2022,6257958,0.7083040506184286
398,2022-02-03,4436467,2022,6257958,0.7089320509981051
399,2022-02-04,4441073,2022,6257958,0.7096680738349475
400,2022-02-05,4444065,2022,6257958,0.7101461850654798
401,2022-02-06,4445394,2022,6257958,0.7103585546595231
402,2022-02-07,4448304,2022,6257958,0.7108235625742455
403,2022-02-08,4451669,2022,6257958,0.7113612779120602
404,2022-02-09,4455268,2022,6257958,0.7119363856388937
405,2022-02-10,4458365,2022,6257958,0.7124312755055243
406,2022-02-11,4462091,2022,6257958,0.71302667739221
407,2022-02-12,4464468,2022,6257958,0.7134065137541671
408,2022-02-13,4465563,2022,6257958,0.7135814909591914
409,2022-02-14,4468022,2022,6257958,0.7139744306369585
410,2022-02-15,4470750,2022,6257958,0.714410355582444
411,2022-02-16,4473524,2022,6257958,0.7148536311685058
412,2022-02-17,4476016,2022,6257958,0.7152518441319037
413,2022-02-18,4478922,2022,6257958,0.715716212860489
414,2022-02-19,4480742,2022,6257958,0.7160070425528583
415,2022-02-20,4481701,2022,6257958,0.7161602874292221
416,2022-02-21,4483674,2022,6257958,0.7164755659913346
417,2022-02-22,4485843,2022,6257958,0.7168221646741637
418,2022-02-23,4487960,2022,6257958,0.7171604539372108
419,2022-02-24,4489922,2022,6257958,0.7174739747374463
420,2022-02-25,4492046,2022,6257958,0.7178133825762333
421,2022-02-26,4493382,2022,6257958,0.7180268707460166
422,2022-02-27,4494008,2022,6257958,0.7181269033764688
423,2022-02-28,4495622,2022,6257958,0.7183848149827787
424,2022-03-01,4497164,2022,6257958,0.7186312212386213
425,2022-03-02,4498720,2022,6257958,0.7188798646459437
426,2022-03-03,4500190,2022,6257958,0.7191147655513188
427,2022-03-04,4501932,2022,6257958,0.7193931311140151
428,2022-03-05,4502964,2022,6257958,0.7195580411373806
429,2022-03-06,4503491,2022,6257958,0.7196422539109403
430,2022-03-07,4504498,2022,6257958,0.719803169020949
431,2022-03-08,4505703,2022,6257958,0.719995723844743
432,2022-03-09,4506893,2022,6257958,0.7201858817205229
433,2022-03-10,4508060,2022,6257958,0.7203723642760146
434,2022-03-11,4509578,2022,6257958,0.7206149354150347
435,2022-03-12,4510225,2022,6257958,0.7207183237727067
436,2022-03-13,4510705,2022,6257958,0.7207950261091557
437,2022-03-14,4511567,2022,6257958,0.7209327707216955
438,2022-03-15,4512635,2022,6257958,0.7211034334202946
439,2022-03-16,4513744,2022,6257958,0.7212806477767988
440,2022-03-17,4514742,2022,6257958,0.7214401247179991
441,2022-03-18,4515994,2022,6257958,0.7216401899789037
442,2022-03-19,4516742,2022,6257958,0.7217597177865368
443,2022-03-20,4517124,2022,6257958,0.7218207600626274
444,2022-03-21,4517956,2022,6257958,0.7219537107791392
445,2022-03-22,4519017,2022,6257958,0.7221232549019984
446,2022-03-23,4520039,2022,6257958,0.7222865669600211
447,2022-03-24,4521110,2022,6257958,0.722457709048223
448,2022-03-25,4522189,2022,6257958,0.7226301295086992
449,2022-03-26,4522786,2022,6257958,0.7227255280396576
450,2022-03-27,4523118,2022,6257958,0.7227785804890349
451,2022-03-28,4523858,2022,6257958,0.7228968299243939
452,2022-03-29,4524702,2022,6257958,0.7230316981993168
453,2022-03-30,4525725,2022,6257958,0.7231951700538738
454,2022-03-31,4526916,2022,6257958,0.723385487726188
455,2022-04-01,4528326,2022,6257958,0.723610800839507
456,2022-04-02,4529051,2022,6257958,0.7237266533268519
457,2022-04-03,4529490,2022,6257958,0.723796804005396
458,2022-04-04,4530493,2022,6257958,0.7239570799292676
459,2022-04-05,4531468,2022,6257958,0.7241128815501798
460,2022-04-06,4532564,2022,6257958,0.7242880185517384
461,2022-04-07,4533599,2022,6257958,0.7244534079647067
462,2022-04-08,4534888,2022,6257958,0.7246593856973792
463,2022-04-09,4535584,2022,6257958,0.7247706040852303
464,2022-04-10,4535978,2022,6257958,0.7248335639197323
465,2022-04-11,4536953,2022,6257958,0.7249893655406444
466,2022-04-12,4538104,2022,6257958,0.7251732913515878
467,2022-04-13,4539127,2022,6257958,0.7253367632061449
468,2022-04-14,4540120,2022,6257958,0.7254954411646738
469,2022-04-15,4541189,2022,6257958,0.7256662636598072
470,2022-04-16,4541787,2022,6257958,0.7257618219873
471,2022-04-17,4541927,2022,6257958,0.7257841935020977
472,2022-04-18,4542869,2022,6257958,0.725934721837379
473,2022-04-19,4543792,2022,6257958,0.726082214038509
474,2022-04-20,4544873,2022,6257958,0.7262549540920537
475,2022-04-21,4545748,2022,6257958,0.726394776059539
476,2022-04-22,4546654,2022,6257958,0.7265395517195865
477,2022-04-23,4547246,2022,6257958,0.7266341512678737
478,2022-04-24,4547582,2022,6257958,0.726687842903388
479,2022-04-25,4548365,2022,6257958,0.7268129635897205
480,2022-04-26,4549163,2022,6257958,0.7269404812240671
481,2022-04-27,4550033,2022,6257958,0.7270795042088809
482,2022-04-28,4550819,2022,6257958,0.7272051042848162
483,2022-04-29,4551751,2022,6257958,0.7273540346547548
484,2022-04-30,4552254,2022,6257958,0.727434412311492
485,2022-05-01,4552595,2022,6257958,0.7274889029296777
486,2022-05-02,4553285,2022,6257958,0.7275991625383232
487,2022-05-03,4554089,2022,6257958,0.7277276389518753
488,2022-05-04,4554852,2022,6257958,0.7278495637075225
489,2022-05-05,4555653,2022,6257958,0.7279775607314718
490,2022-05-06,4556486,2022,6257958,0.7281106712445178
491,2022-05-07,4556937,2022,6257958,0.728182739481473
492,2022-05-08,4557107,2022,6257958,0.7282099048922988
493,2022-05-09,4557832,2022,6257958,0.7283257573796437
494,2022-05-10,4558602,2022,6257958,0.7284488007110307
495,2022-05-11,4559434,2022,6257958,0.7285817514275423
496,2022-05-12,4560216,2022,6257958,0.7287067123173405
497,2022-05-13,4561049,2022,6257958,0.7288398228303865
498,2022-05-14,4561546,2022,6257958,0.7289192417079181
499,2022-05-15,4561829,2022,6257958,0.7289644641271162
500,2022-05-16,4562503,2022,6257958,0.7290721669912135
501,2022-05-17,4563212,2022,6257958,0.7291854627340101
502,2022-05-18,4564026,2022,6257958,0.7293155371129049
503,2022-05-19,4564808,2022,6257958,0.7294404980027032
504,2022-05-20,4565759,2022,6257958,0.7295924645067928
505,2022-05-21,4566283,2022,6257958,0.7296761978907497
506,2022-05-22,4566609,2022,6257958,0.7297282915609213
507,2022-05-23,4567419,2022,6257958,0.7298577267536791
508,2022-05-24,4568261,2022,6257958,0.7299922754355335
509,2022-05-25,4569161,2022,6257958,0.7301360923163754
510,2022-05-26,4569963,2022,6257958,0.7302642491368591
511,2022-05-27,4570841,2022,6257958,0.730404550493947
512,2022-05-28,4571267,2022,6257958,0.7304726238175456
513,2022-05-29,4571551,2022,6257958,0.730518006033278
514,2022-05-30,4571630,2022,6257958,0.7305306299594851
515,2022-05-31,4572426,2022,6257958,0.7306578280007632
516,2022-06-01,4573131,2022,6257958,0.7307704845574228
517,2022-06-02,4573854,2022,6257958,0.7308860174516991
518,2022-06-03,4574640,2022,6257958,0.7310116175276344
519,2022-06-04,4575062,2022,6257958,0.7310790516650959
520,2022-06-05,4575309,2022,6257958,0.7311185214090603
521,2022-06-06,4575963,2022,6257958,0.7312230283424721
522,2022-06-07,4576627,2022,6257958,0.7313291332412266
523,2022-06-08,4577365,2022,6257958,0.731447063083517
524,2022-06-09,4578016,2022,6257958,0.731551090627326
525,2022-06-10,4578751,2022,6257958,0.7316685410800137
526,2022-06-11,4579166,2022,6257958,0.7317348566417352
527,2022-06-12,4579407,2022,6257958,0.731773367606494
528,2022-06-13,4580040,2022,6257958,0.7318745188126862
529,2022-06-14,4580694,2022,6257958,0.731979025746098
530,2022-06-15,4581313,2022,6257958,0.7320779398008104
531,2022-06-16,4581934,2022,6257958,0.7321771734485913
532,2022-06-17,4582603,2022,6257958,0.7322840773300172
533,2022-06-18,4582955,2022,6257958,0.7323403257100799
534,2022-06-19,4583171,2022,6257958,0.7323748417614819
535,2022-06-20,4583631,2022,6257958,0.7324483481672456
536,2022-06-21,4584250,2022,6257958,0.732547262221958
537,2022-06-22,4584855,2022,6257958,0.7326439391251907
538,2022-06-23,4585471,2022,6257958,0.7327423737903003
539,2022-06-24,4586110,2022,6257958,0.7328444837756981
540,2022-06-25,4586448,2022,6257958,0.732898495004281
541,2022-06-26,4586640,2022,6257958,0.7329291759388605
542,2022-06-27,4587184,2022,6257958,0.7330161052535028
543,2022-06-28,4587763,2022,6257958,0.7331086274468445
544,2022-06-29,4588389,2022,6257958,0.7332086600772968
545,2022-06-30,4588944,2022,6257958,0.733297347153816
546,2022-07-01,4589505,2022,6257958,0.7333869930095408
547,2022-07-02,4589761,2022,6257958,0.7334279009223137
548,2022-07-03,4589972,2022,6257958,0.7334616179910444
549,2022-07-04,4590008,2022,6257958,0.7334673706662781
550,2022-07-05,4590551,2022,6257958,0.733554140184386
551,2022-07-06,4591093,2022,6257958,0.7336407499059597
552,2022-07-07,4591651,2022,6257958,0.7337299163720817
553,2022-07-08,4592274,2022,6257958,0.7338294696129313
554,2022-07-09,4592559,2022,6257958,0.7338750116251979
555,2022-07-10,4592726,2022,6257958,0.7339016976464208
556,2022-07-11,4593311,2022,6257958,0.733995178618968
557,2022-07-12,4593871,2022,6257958,0.7340846646781586
558,2022-07-13,4594463,2022,6257958,0.7341792642264457
559,2022-07-14,4595131,2022,6257958,0.7342860083113374
560,2022-07-15,4595845,2022,6257958,0.7344001030368053
561,2022-07-16,4596155,2022,6257958,0.7344496399624286
562,2022-07-17,4596377,2022,6257958,0.7344851147930364
563,2022-07-18,4597027,2022,6257958,0.734588982540311
564,2022-07-19,4597836,2022,6257958,0.7347182579365346
565,2022-07-20,4598949,2022,6257958,0.7348961114791758
566,2022-07-21,4600035,2022,6257958,0.7350696505153917
567,2022-07-22,4601210,2022,6257958,0.7352574114431577
568,2022-07-23,4602621,2022,6257958,0.735482884353011
569,2022-07-24,4602945,2022,6257958,0.7355346584301141
570,2022-07-25,4603717,2022,6257958,0.7356580213545697
571,2022-07-26,4604781,2022,6257958,0.7358280448670317
572,2022-07-27,4605908,2022,6257958,0.7360081355611527
573,2022-07-28,4606948,2022,6257958,0.7361743239567923
574,2022-07-29,4608071,2022,6257958,0.7363537754647762
575,2022-07-30,4608893,2022,6257958,0.7364851282159453
576,2022-07-31,4609125,2022,6257958,0.7365222010118956
577,2022-08-01,4609664,2022,6257958,0.7366083313438665
578,2022-08-02,4610438,2022,6257958,0.7367320138613905
579,2022-08-03,4611311,2022,6257958,0.7368715162358073
580,2022-08-04,4612096,2022,6257958,0.7369969565152084
581,2022-08-05,4613001,2022,6257958,0.7371415723787216
582,2022-08-06,4613661,2022,6257958,0.7372470380913391
583,2022-08-07,4613894,2022,6257958,0.7372842706838237
584,2022-08-08,4614509,2022,6257958,0.737382545552399
585,2022-08-09,4615278,2022,6257958,0.7375054290872518
586,2022-08-10,4616062,2022,6257958,0.7376307095701186
587,2022-08-11,4616820,2022,6257958,0.7377518353430943
588,2022-08-12,4617589,2022,6257958,0.7378747188779471
589,2022-08-13,4618071,2022,6257958,0.7379517408074646
590,2022-08-14,4618232,2022,6257958,0.7379774680494819
591,2022-08-15,4618867,2022,6257958,0.7380789388487426
592,2022-08-16,4619633,2022,6257958,0.7382013429939926
593,2022-08-17,4620439,2022,6257958,0.7383301390006133
594,2022-08-18,4621163,2022,6257958,0.738445831691424
595,2022-08-19,4622031,2022,6257958,0.7385845350831693
596,2022-08-20,4622454,2022,6257958,0.738652129017165
597,2022-08-21,4622623,2022,6257958,0.7386791346314565
598,2022-08-22,4623264,2022,6257958,0.7387815642099228
599,2022-08-23,4624036,2022,6257958,0.7389049271343784
600,2022-08-24,4624874,2022,6257958,0.7390388366300956
601,2022-08-25,4625555,2022,6257958,0.7391476580699328
602,2022-08-26,4626312,2022,6257958,0.7392686240463743
603,2022-08-27,4626694,2022,6257958,0.7393296663224649
604,2022-08-28,4626901,2022,6257958,0.7393627442050585
605,2022-08-29,4627405,2022,6257958,0.7394432816583301
606,2022-08-30,4628041,2022,6257958,0.7395449122541251
607,2022-08-31,4628752,2022,6257958,0.7396585275899902
608,2022-09-01,4629234,2022,6257958,0.7397355495195078
609,2022-09-02,4629829,2022,6257958,0.7398306284573978
610,2022-09-03,4630079,2022,6257958,0.739870577590965
611,2022-09-04,4630300,2022,6257958,0.7399058926250384
612,2022-09-05,4630350,2022,6257958,0.7399138824517518
613,2022-09-06,4631164,2022,6257958,0.7400439568306467
614,2022-09-07,4632176,2022,6257958,0.7402056709233268
615,2022-09-08,4633285,2022,6257958,0.7403828852798309
616,2022-09-09,4634485,2022,6257958,0.7405746411209535
617,2022-09-10,4635216,2022,6257958,0.740691452387504
618,2022-09-11,4635705,2022,6257958,0.7407695928927615
619,2022-09-12,4636810,2022,6257958,0.7409461680631286
620,2022-09-13,4637970,2022,6257958,0.7411315320428804
621,2022-09-14,4639506,2022,6257958,0.7413769795195174
622,2022-09-15,4640765,2022,6257958,0.7415781633561619
623,2022-09-16,4642399,2022,6257958,0.7418392708931572
624,2022-09-17,4643178,2022,6257958,0.7419637523933525
625,2022-09-18,4643614,2022,6257958,0.7420334236822939
626,2022-09-19,4644781,2022,6257958,0.7422199062377856
627,2022-09-20,4646099,2022,6257958,0.7424305180699519
628,2022-09-21,4647340,2022,6257958,0.7426288255689796
629,2022-09-22,4648721,2022,6257958,0.7428495045828049
630,2022-09-23,4650142,2022,6257958,0.7430765754580009
631,2022-09-24,4650886,2022,6257958,0.7431954640794969
632,2022-09-25,4651317,2022,6257958,0.7432643363857667
633,2022-09-26,4652480,2022,6257958,0.7434501797551214
634,2022-09-27,4653621,2022,6257958,0.7436325076007222
635,2022-09-28,4654906,2022,6257958,0.7438378461472577
636,2022-09-29,4656331,2022,6257958,0.7440655562085907
637,2022-09-30,4657882,2022,6257958,0.7443134006332417
638,2022-10-01,4658488,2022,6257958,0.7444102373330086
639,2022-10-02,4658916,2022,6257958,0.7444786302496756
640,2022-10-03,4660000,2022,6257958,0.7446518496928232
641,2022-10-04,4661165,2022,6257958,0.7448380126552463
642,2022-10-05,4662473,2022,6257958,0.74504702652207
643,2022-10-06,4663686,2022,6257958,0.7452408597181381
644,2022-10-07,4665180,2022,6257958,0.7454795957403357
645,2022-10-08,4665735,2022,6257958,0.7455682828168549
646,2022-10-09,4666142,2022,6257958,0.7456333200063023
647,2022-10-10,4667271,2022,6257958,0.7458137302934918
648,2022-10-11,4668451,2022,6257958,0.7460022902039292
649,2022-10-12,4669735,2022,6257958,0.7462074689539303
650,2022-10-13,4670892,2022,6257958,0.7463923535440794
651,2022-10-14,4672207,2022,6257958,0.7466024859866429
652,2022-10-15,4672751,2022,6257958,0.7466894153012852
653,2022-10-16,4673099,2022,6257958,0.7467450244952107
654,2022-10-17,4674189,2022,6257958,0.7469192027175637
655,2022-10-18,4675265,2022,6257958,0.7470911437884371
656,2022-10-19,4676523,2022,6257958,0.7472921678285472
657,2022-10-20,4677685,2022,6257958,0.7474778514013677
658,2022-10-21,4678913,2022,6257958,0.7476740815454498
659,2022-10-22,4679517,2022,6257958,0.7477705986521482
660,2022-10-23,4679834,2022,6257958,0.7478212541535114
661,2022-10-24,4680818,2022,6257958,0.747978493943232
662,2022-10-25,4681879,2022,6257958,0.7481480380660912
663,2022-10-26,4683062,2022,6257958,0.7483370773661312
664,2022-10-27,4684222,2022,6257958,0.7485224413458831
665,2022-10-28,4685452,2022,6257958,0.7487189910830337
666,2022-10-29,4685977,2022,6257958,0.7488028842635249
667,2022-10-30,4686280,2022,6257958,0.7488513026134084
668,2022-10-31,4687143,2022,6257958,0.7489892070224824
669,2022-11-01,4688042,2022,6257958,0.7491328641067901
670,2022-11-02,4689048,2022,6257958,0.7492936194202645
671,2022-11-03,4690018,2022,6257958,0.7494486220585054
672,2022-11-04,4691132,2022,6257958,0.7496266353976808
673,2022-11-05,4691605,2022,6257958,0.74970221915839
674,2022-11-06,4691898,2022,6257958,0.7497490395429308
675,2022-11-07,4692734,2022,6257958,0.7498826294455795
676,2022-11-08,4693561,2022,6257958,0.7500147811794199
677,2022-11-09,4694393,2022,6257958,0.7501477318959315
678,2022-11-10,4695340,2022,6257958,0.7502990592138842
679,2022-11-11,4696263,2022,6257958,0.7504465514150143
680,2022-11-12,4696746,2022,6257958,0.7505237331410661
681,2022-11-13,4697035,2022,6257958,0.7505699143394698
682,2022-11-14,4697877,2022,6257958,0.7507044630213242
683,2022-11-15,4698676,2022,6257958,0.750832140452205
684,2022-11-16,4699416,2022,6257958,0.7509503898875639
685,2022-11-17,4700283,2022,6257958,0.7510889334827751
686,2022-11-18,4701199,2022,6257958,0.7512353071081653
687,2022-11-19,4701572,2022,6257958,0.7512949112154476
688,2022-11-20,4701793,2022,6257958,0.7513302262495211
689,2022-11-21,4702481,2022,6257958,0.751440166265098
690,2022-11-22,4703213,2022,6257958,0.7515571373281827
691,2022-11-23,4703905,2022,6257958,0.7516677165298968
692,2022-11-24,4703919,2022,6257958,0.7516699536813766
693,2022-11-25,4704270,2022,6257958,0.7517260422649049
694,2022-11-26,4704546,2022,6257958,0.7517701461083631
695,2022-11-27,4704734,2022,6257958,0.7518001878568057
696,2022-11-28,4705211,2022,6257958,0.751876410803652
697,2022-11-29,4705779,2022,6257958,0.7519671752351166
698,2022-11-30,4706478,2022,6257958,0.7520788730125706
699,2022-12-01,4707149,2022,6257958,0.7521860964870649
700,2022-12-02,4707817,2022,6257958,0.7522928405719566
701,2022-12-03,4708109,2022,6257958,0.7523395011599631
702,2022-12-04,4708315,2022,6257958,0.7523724192460224
703,2022-12-05,4708820,2022,6257958,0.7524531164958282
704,2022-12-06,4709335,2022,6257958,0.7525354117109766
705,2022-12-07,4709895,2022,6257958,0.7526248977701672
706,2022-12-08,4710452,2022,6257958,0.7527139044397549
707,2022-12-09,4711095,2022,6257958,0.7528166536112898
708,2022-12-10,4711338,2022,6257958,0.7528554841691172
709,2022-12-11,4711517,2022,6257958,0.7528840877487513
710,2022-12-12,4712097,2022,6257958,0.7529767697386271
711,2022-12-13,4712675,2022,6257958,0.7530691321354346
712,2022-12-14,4713166,2022,6257958,0.7531475922337606
713,2022-12-15,4713638,2022,6257958,0.7532230161979355
714,2022-12-16,4714247,2022,6257958,0.7533203322873052
715,2022-12-17,4714590,2022,6257958,0.7533751424985594
716,2022-12-18,4714822,2022,6257958,0.7534122152945099
717,2022-12-19,4715348,2022,6257958,0.7534962682715353
718,2022-12-20,4715952,2022,6257958,0.7535927853782336
719,2022-12-21,4716468,2022,6257958,0.7536752403899163
720,2022-12-22,4716947,2022,6257958,0.7537517829298311
721,2022-12-23,4717296,2022,6257958,0.7538075519202909
722,2022-12-24,4717361,2022,6257958,0.7538179386950185
723,2022-12-25,2003481,2022,6257958,0.3201493202734822
724,2022-12-26,4717533,2022,6257958,0.7538454236989126
725,2022-12-27,4718032,2022,6257958,0.7539251621695128
726,2022-12-28,4718526,2022,6257958,0.7540041016574416
727,2022-12-29,4719061,2022,6257958,0.7540895928032755
728,2022-12-30,4719481,2022,6257958,0.7541567073476684
729,2022-12-31,4719558,2022,6257958,0.7541690116808071
730,2023-01-01,4719574,2023,6257958,0.7541715684253554
731,2023-01-02,4719752,2023,6257958,0.7542000122084552
732,2023-01-03,4720208,2023,6257958,0.7542728794280819
733,2023-01-04,4720606,2023,6257958,0.7543364784487208
734,2023-01-05,4720898,2023,6257958,0.7543831390367273
